Series Name,Series Code,Country Name,Country Code,2010,2011,2012,2013,2014,2015,2016,2017,2018,2019,2020,2021,2022,2023,2024
Land area (sq. km),AG.LND.TOTL.K2,Afghanistan,AFG,652230,652230,652230,652230,652230,652230,652230,652230,652230,652230,652230,652230,652230,..,..
Land area (sq. km),AG.LND.TOTL.K2,Albania,ALB,27400,27400,27400,27400,27400,27400,27400,27400,27400,27400,27400,27400,27400,..,..
Land area (sq. km),AG.LND.TOTL.K2,Algeria,DZA,2381740,2381740,2381740,2381740,2381740,2381741,2381741,2381741,2381741,2381741,2381741,2381741,2381741,..,..
Land area (sq. km),AG.LND.TOTL.K2,American Samoa,ASM,200,200,200,200,200,200,200,200,200,200,200,200,200,..,..
Land area (sq. km),AG.LND.TOTL.K2,Andorra,AND,470,470,470,470,470,470,470,470,470,470,470,470,470,..,..
Land area (sq. km),AG.LND.TOTL.K2,Angola,AGO,1246700,1246700,1246700,1246700,1246700,1246700,1246700,1246700,1246700,1246700,1246700,1246700,1246700,..,..
Land area (sq. km),AG.LND.TOTL.K2,Antigua and Barbuda,ATG,440,440,440,440,440,440,440,440,440,440,440,440,440,..,..
Land area (sq. km),AG.LND.TOTL.K2,Argentina,ARG,2736690,2736690,2736690,2736690,2736690,2736690,2736690,2736690,2736690,2736690,2736690,2736690,2736690,..,..
Land area (sq. km),AG.LND.TOTL.K2,Armenia,ARM,28470,28470,28470,28470,28470,28470,28470,28470,28470,28470,28470,28470,28470,..,..
Land area (sq. km),AG.LND.TOTL.K2,Aruba,ABW,180,180,180,180,180,180,180,180,180,180,180,180,180,..,..
Land area (sq. km),AG.LND.TOTL.K2,Australia,AUS,7682300,7682300,7682300,7682300,7682300,7682300,7692020,7692020,7692020,7692020,7692020,7692020,7692020,..,..
Land area (sq. km),AG.LND.TOTL.K2,Austria,AUT,82520,82520,82520,82520,82520,82520,82520,82520,82520,82520,82520,82520,82520,..,..
Land area (sq. km),AG.LND.TOTL.K2,Azerbaijan,AZE,82656,82658,82658,82659,82663,82663,82670,82662,82654,82654,82646,82650,82650,..,..
Land area (sq. km),AG.LND.TOTL.K2,"Bahamas, The",BHS,10010,10010,10010,10010,10010,10010,10010,10010,10010,10010,10010,10010,10010,..,..
Land area (sq. km),AG.LND.TOTL.K2,Bahrain,BHR,762,767,770,770,771,778,779,780,778,780,785,790,790,..,..
Land area (sq. km),AG.LND.TOTL.K2,Bangladesh,BGD,130170,130170,130170,130170,130170,130170,130170,130170,130170,130170,130170,130170,130170,..,..
Land area (sq. km),AG.LND.TOTL.K2,Barbados,BRB,430,430,430,430,430,430,430,430,430,430,430,430,430,..,..
Land area (sq. km),AG.LND.TOTL.K2,Belarus,BLR,202902,202910,202899,202908,202973,202978,202988,202988,202980,202965,202980,202950,202990,..,..
Land area (sq. km),AG.LND.TOTL.K2,Belgium,BEL,30333,30333,30333,30333,30333,30333,30333,30333,30493,30494,30494,30494,30494,..,..
Land area (sq. km),AG.LND.TOTL.K2,Belize,BLZ,22810,22810,22810,22810,22810,22810,22810,22810,22810,22810,22810,22810,22810,..,..
Land area (sq. km),AG.LND.TOTL.K2,Benin,BEN,112760,112760,112760,112760,112760,112760,112760,112760,112760,112760,112760,112760,112760,..,..
Land area (sq. km),AG.LND.TOTL.K2,Bermuda,BMU,54,54,54,54,54,54,54,54,54,54,54,54,54,..,..
Land area (sq. km),AG.LND.TOTL.K2,Bhutan,BTN,38117,38117,38117,38117,38117,38117,38144,38144,38140,38140,38140,38140,38140,..,..
Land area (sq. km),AG.LND.TOTL.K2,Bolivia,BOL,1083300,1083300,1083300,1083300,1083300,1083300,1083300,1083300,1083300,1083300,1083300,1083300,1083300,..,..
Land area (sq. km),AG.LND.TOTL.K2,Bosnia and Herzegovina,BIH,51200,51200,51200,51200,51200,51200,51200,51200,51200,51200,51200,51200,51200,..,..
Land area (sq. km),AG.LND.TOTL.K2,Botswana,BWA,566730,566730,566730,566730,566730,566730,566730,566730,566730,566730,566730,566730,566730,..,..
Land area (sq. km),AG.LND.TOTL.K2,Brazil,BRA,8358140,8358140,8358140,8358140,8358140,8358140,8358140,8358140,8358140,8358140,8358140,8358140,8358140,..,..
Land area (sq. km),AG.LND.TOTL.K2,British Virgin Islands,VGB,150,150,150,150,150,150,150,150,150,150,150,150,150,..,..
Land area (sq. km),AG.LND.TOTL.K2,Brunei Darussalam,BRN,5270,5270,5270,5270,5270,5270,5270,5270,5270,5270,5270,5270,5270,..,..
Land area (sq. km),AG.LND.TOTL.K2,Bulgaria,BGR,108560,108560,108560,108560,108560,108560,108560,108560,108560,108560,108560,108560,108560,..,..
Land area (sq. km),AG.LND.TOTL.K2,Burkina Faso,BFA,273600,273600,273600,273600,273600,273600,273600,273600,273600,273600,273600,273600,273600,..,..
Land area (sq. km),AG.LND.TOTL.K2,Burundi,BDI,25680,25680,25680,25680,25680,25680,25680,25680,25680,25680,25680,25680,25680,..,..
Land area (sq. km),AG.LND.TOTL.K2,Cabo Verde,CPV,4030,4030,4030,4030,4030,4030,4030,4030,4030,4030,4030,4030,4030,..,..
Land area (sq. km),AG.LND.TOTL.K2,Cambodia,KHM,176520,176520,176520,176520,176520,176520,176520,176520,176520,176520,176520,176520,176520,..,..
Land area (sq. km),AG.LND.TOTL.K2,Cameroon,CMR,472710,472710,472710,472710,472710,472710,472710,472710,472710,472710,472710,472710,472710,..,..
Land area (sq. km),AG.LND.TOTL.K2,Canada,CAN,8965590,8965590,8965590,8965590,8965590,8965590,8965590,8965590,8965590,8965590,8965590,8788700,8788700,..,..
Land area (sq. km),AG.LND.TOTL.K2,Cayman Islands,CYM,240,240,240,240,240,240,240,240,240,240,240,240,240,..,..
Land area (sq. km),AG.LND.TOTL.K2,Central African Republic,CAF,622980,622980,622980,622980,622980,622980,622980,622980,622980,622980,622980,622980,622980,..,..
Land area (sq. km),AG.LND.TOTL.K2,Chad,TCD,1259200,1259200,1259200,1259200,1259200,1259200,1259200,1259200,1259200,1259200,1259200,1259200,1259200,..,..
Land area (sq. km),AG.LND.TOTL.K2,Channel Islands,CHI,198,198,198,198,198,198,198,198,198,198,198,198,..,..,..
Land area (sq. km),AG.LND.TOTL.K2,Chile,CHL,743532,743532,743532,743532,743532,743532,743532,743532,743532,743532,743532,743532,743532,..,..
Land area (sq. km),AG.LND.TOTL.K2,China,CHN,9388211,9388211,9388211,9388211,9388211,9388211,9388210,9388210,9388210,9388210,9388210,9388210,9388210,..,..
Land area (sq. km),AG.LND.TOTL.K2,Colombia,COL,1109500,1109500,1109500,1109500,1109500,1109500,1109500,1109500,1109500,1109500,1109500,1109500,1109500,..,..
Land area (sq. km),AG.LND.TOTL.K2,Comoros,COM,1861,1861,1861,1861,1861,1861,1861,1861,1861,1861,1861,1861,1861,..,..
Land area (sq. km),AG.LND.TOTL.K2,"Congo, Dem. Rep.",COD,2267050,2267050,2267050,2267050,2267050,2267050,2267050,2267050,2267050,2267050,2267050,2267050,2267050,..,..
Land area (sq. km),AG.LND.TOTL.K2,"Congo, Rep.",COG,341500,341500,341500,341500,341500,341500,341500,341500,341500,341500,341500,341500,341500,..,..
Land area (sq. km),AG.LND.TOTL.K2,Costa Rica,CRI,51060,51060,51060,51060,51060,51060,51060,51060,51060,51060,51060,51060,51060,..,..
Land area (sq. km),AG.LND.TOTL.K2,Cote d'Ivoire,CIV,318000,318000,318000,318000,318000,318000,318000,318000,318000,318000,318000,318000,318000,..,..
Land area (sq. km),AG.LND.TOTL.K2,Croatia,HRV,55964,55964,55964,55964,55964,55964,55964,55964,55964,55964,55960,55960,55960,..,..
Land area (sq. km),AG.LND.TOTL.K2,Cuba,CUB,106440,106863,106649,104220,104020,104100,104040,103800,103800,103800,103800,103800,103800,..,..
Land area (sq. km),AG.LND.TOTL.K2,Curacao,CUW,..,444,444,444,444,444,444,444,444,444,444,444,444,..,..
Land area (sq. km),AG.LND.TOTL.K2,Cyprus,CYP,9240,9240,9240,9240,9240,9240,9240,9240,9240,9240,9240,9240,9240,..,..
Land area (sq. km),AG.LND.TOTL.K2,Czechia,CZE,77230,77230,77230,77220,77220,77210,77210,77210,77210,77205.5,77198.53,77186.83,77171.73,..,..
Land area (sq. km),AG.LND.TOTL.K2,Denmark,DNK,40000,40000,40000,40000,40000,40000,40000,40000,40000,40000,40000,40000,40000,..,..
Land area (sq. km),AG.LND.TOTL.K2,Djibouti,DJI,23180,23180,23180,23180,23180,23180,23180,23180,23180,23180,23180,23180,23180,..,..
Land area (sq. km),AG.LND.TOTL.K2,Dominica,DMA,750,750,750,750,750,750,750,750,750,750,750,750,750,..,..
Land area (sq. km),AG.LND.TOTL.K2,Dominican Republic,DOM,48310,48310,48310,48310,48310,48310,48310,48310,48310,48198.02,48198.02,48198.02,48198.02,..,..
Land area (sq. km),AG.LND.TOTL.K2,Ecuador,ECU,248360,248360,248360,248360,248360,248360,248360,248360,248360,248360,248360,248360,248360,..,..
Land area (sq. km),AG.LND.TOTL.K2,"Egypt, Arab Rep.",EGY,995450,995450,995450,995450,995450,995450,995450,995450,995450,995450,995450,995450,995450,..,..
Land area (sq. km),AG.LND.TOTL.K2,El Salvador,SLV,20720,20720,20720,20720,20720,20720,20720,20720,20720,20720,20720,20720,20720,..,..
Land area (sq. km),AG.LND.TOTL.K2,Equatorial Guinea,GNQ,28050,28050,28050,28050,28050,28050,28050,28050,28050,28050,28050,28050,28050,..,..
Land area (sq. km),AG.LND.TOTL.K2,Eritrea,ERI,121065.103,121088.989,121082.12,121049.278,121036.185,121088.775,121077.459,121071.233,121077.714,121080.546,121040.829,121040.829,121040.829,..,..
Land area (sq. km),AG.LND.TOTL.K2,Estonia,EST,42390,42390,42390,43470,43470,43470,43470,42750,42750,42750,42750,42750,42730,..,..
Land area (sq. km),AG.LND.TOTL.K2,Eswatini,SWZ,17200,17200,17200,17200,17200,17200,17200,17200,17200,17200,17200,17200,17200,..,..
Land area (sq. km),AG.LND.TOTL.K2,Ethiopia,ETH,1128571,1128575.1,1128582.1,1128572.1,1128538.3,1128539.4,1128558.5,1128552.8,1128561.4,1128570.9,1128571.4,1128571.4,1128571.4,..,..
Land area (sq. km),AG.LND.TOTL.K2,Faroe Islands,FRO,1396,1396,1396,1396,1396,1396,1396,1396,1396,1396,1366,1370,1370,..,..
Land area (sq. km),AG.LND.TOTL.K2,Fiji,FJI,18270,18270,18270,18270,18270,18270,18270,18270,18270,18270,18270,18270,18270,..,..
Land area (sq. km),AG.LND.TOTL.K2,Finland,FIN,303900,303890,303890,303890,303890,303910,303910,303920,303920,303930,303940,303947.7,303947.7,..,..
Land area (sq. km),AG.LND.TOTL.K2,France,FRA,547557,547557,547557,547557,547557,547557,547557,547557,547557,547557,547557,547557,547557,..,..
Land area (sq. km),AG.LND.TOTL.K2,French Polynesia,PYF,3471,3471,3471,3471,3471,3471,3471,3471,3471,3471,3471,3471,3471,..,..
Land area (sq. km),AG.LND.TOTL.K2,Gabon,GAB,257670,257670,257670,257670,257670,257670,257670,257670,257670,257670,257670,257670,257670,..,..
Land area (sq. km),AG.LND.TOTL.K2,"Gambia, The",GMB,10120,10120,10120,10120,10120,10120,10120,10120,10120,10120,10120,10120,10120,..,..
Land area (sq. km),AG.LND.TOTL.K2,Georgia,GEO,69490,69490,69490,69490,69490,69490,69490,69490,69490,69490,69490,69490,69490,..,..
Land area (sq. km),AG.LND.TOTL.K2,Germany,DEU,348570,348560,348540,348880,348900,348860,349360,349370,349380,349390,349390,349390,349360,..,..
Land area (sq. km),AG.LND.TOTL.K2,Ghana,GHA,227540,227540,227540,227540,227540,227540,227540,227540,227540,227533,227530,227533,227533,..,..
Land area (sq. km),AG.LND.TOTL.K2,Gibraltar,GIB,10,10,10,10,10,10,10,10,10,10,10,10,..,..,..
Land area (sq. km),AG.LND.TOTL.K2,Greece,GRC,128900,128900,128900,128900,128900,128900,128900,128900,128900,128900,128900,128900,128900,..,..
Land area (sq. km),AG.LND.TOTL.K2,Greenland,GRL,410450,410450,410450,410450,410450,410450,410450,410450,410450,410450,410450,410450,410450,..,..
Land area (sq. km),AG.LND.TOTL.K2,Grenada,GRD,340,340,340,340,340,340,340,340,340,340,340,340,340,..,..
Land area (sq. km),AG.LND.TOTL.K2,Guam,GUM,540,540,540,540,540,540,540,540,540,540,540,540,540,..,..
Land area (sq. km),AG.LND.TOTL.K2,Guatemala,GTM,107160,107160,107160,107160,107160,107160,107160,107160,107160,107160,107160,107160,107160,..,..
Land area (sq. km),AG.LND.TOTL.K2,Guinea,GIN,245720,245720,245720,245720,245720,245720,245720,245720,245720,245720,245720,245720,245720,..,..
Land area (sq. km),AG.LND.TOTL.K2,Guinea-Bissau,GNB,28120,28120,28120,28120,28120,28120,28120,28120,28120,28120,28120,28120,28120,..,..
Land area (sq. km),AG.LND.TOTL.K2,Guyana,GUY,196850,196850,196850,196850,196850,196850,196850,196850,196850,196850,196850,196850,196850,..,..
Land area (sq. km),AG.LND.TOTL.K2,Haiti,HTI,27560,27560,27560,27560,27560,27560,27560,27560,27560,27560,27560,27560,27560,..,..
Land area (sq. km),AG.LND.TOTL.K2,Honduras,HND,111890,111890,111890,111890,111890,111890,111890,111890,111890,111890,111890,111890,111890,..,..
Land area (sq. km),AG.LND.TOTL.K2,"Hong Kong SAR, China",HKG,1050,1050,1050,1050,1050,1050,1050,1050,1050,1050,1050,1050,..,..,..
Land area (sq. km),AG.LND.TOTL.K2,Hungary,HUN,90530,90530,90530,90530,91260,91260,91260,91260,91260,91260,91260,91260,91260,..,..
Land area (sq. km),AG.LND.TOTL.K2,Iceland,ISL,100250,100250,100250,100250,100250,100250,100250,100250,100830,100830,100830,100830,100830,..,..
Land area (sq. km),AG.LND.TOTL.K2,India,IND,2973190,2973190,2973190,2973190,2973190,2973190,2973190,2973190,2973190,2973190,2973190,2973190,2973190,..,..
Land area (sq. km),AG.LND.TOTL.K2,Indonesia,IDN,1877519,1877519,1877519,1877519,1877519,1877519,1877519,1877519,1877519,1877519,1877519,1892555.47,1892555.47,..,..
Land area (sq. km),AG.LND.TOTL.K2,"Iran, Islamic Rep.",IRN,1628760,1628760,1628760,1628760,1628760,1628760,1628760,1622500,1622500,1622500,1622500,1622500,1622500,..,..
Land area (sq. km),AG.LND.TOTL.K2,Iraq,IRQ,434320,434320,434320,434128,434128,434128,434128,434128,434128,434128,434128,434128,434128,..,..
Land area (sq. km),AG.LND.TOTL.K2,Ireland,IRL,68890,68890,68890,68890,68890,68890,68890,68890,68890,68890,68890,68890,68890,..,..
Land area (sq. km),AG.LND.TOTL.K2,Isle of Man,IMN,570,570,570,570,570,570,570,570,570,570,570,570,570,..,..
Land area (sq. km),AG.LND.TOTL.K2,Israel,ISR,21640,21640,21640,21640,21640,21640,21640,21640,21640,21640,21640,21640,..,..,..
Land area (sq. km),AG.LND.TOTL.K2,Italy,ITA,295718,295718,295718,295718,295718,295718,295718,295718,295718,295717,295717,295717,295720,..,..
Land area (sq. km),AG.LND.TOTL.K2,Jamaica,JAM,10830,10830,10830,10830,10830,10830,10830,10830,10830,10830,10830,10830,10830,..,..
Land area (sq. km),AG.LND.TOTL.K2,Japan,JPN,364500,364500,364500,364500,364500,364500,364500,364500,364500,364500,364500,364500,364500,..,..
Land area (sq. km),AG.LND.TOTL.K2,Jordan,JOR,88780,88780,88780,88780,88780,88780,88780,88780,88780,88794,88794,88794,88794,..,..
Land area (sq. km),AG.LND.TOTL.K2,Kazakhstan,KAZ,2699700,2699700,2699700,2699700,2699700,2699700,2699700,2699700,2699700,2699700,2699700,2699700,2699700,..,..
Land area (sq. km),AG.LND.TOTL.K2,Kenya,KEN,569140,569140,569140,569140,569140,569140,569140,569140,569140,569140,569140,569140,569140,..,..
Land area (sq. km),AG.LND.TOTL.K2,Kiribati,KIR,810,810,810,810,810,810,810,810,810,810,810,810,810,..,..
Land area (sq. km),AG.LND.TOTL.K2,"Korea, Dem. People's Rep.",PRK,120410,120410,120410,120410,120410,120410,120410,120410,120410,120410,120410,120410,120410,..,..
Land area (sq. km),AG.LND.TOTL.K2,"Korea, Rep.",KOR,97200,97190,97310,97426,97430,97445,97489,97510,97520,97600,97600,97600,97600,..,..
Land area (sq. km),AG.LND.TOTL.K2,Kosovo,XKX,..,..,..,..,..,..,..,..,..,..,..,..,..,..,..
Land area (sq. km),AG.LND.TOTL.K2,Kuwait,KWT,17820,17820,17820,17820,17820,17820,17820,17820,17820,17820,17820,17820,17820,..,..
Land area (sq. km),AG.LND.TOTL.K2,Kyrgyz Republic,KGZ,191800,191800,191800,191800,191800,191800,191800,191800,191800,191800,191800,191800,191800,..,..
Land area (sq. km),AG.LND.TOTL.K2,Lao PDR,LAO,230800,230800,230800,230800,230800,230800,230800,230800,230800,230800,230800,230800,230800,..,..
Land area (sq. km),AG.LND.TOTL.K2,Latvia,LVA,62227,62227,62227,62227,62227,62227,62227,62227,62227,62227,62230,62230,62230,..,..
Land area (sq. km),AG.LND.TOTL.K2,Lebanon,LBN,10230,10230,10230,10230,10230,10230,10230,10230,10230,10230,10230,10230,10230,..,..
Land area (sq. km),AG.LND.TOTL.K2,Lesotho,LSO,30360,30360,30360,30360,30360,30360,30360,30360,30360,30360,30360,30360,30360,..,..
Land area (sq. km),AG.LND.TOTL.K2,Liberia,LBR,96320,96320,96320,96320,96320,96320,96320,96320,96320,96320,96320,96320,96320,..,..
Land area (sq. km),AG.LND.TOTL.K2,Libya,LBY,1759540,1759540,1759540,1759540,1759540,1759540,1759540,1759540,1759540,1759540,1759540,1759540,1759540,..,..
Land area (sq. km),AG.LND.TOTL.K2,Liechtenstein,LIE,160,160,160,160,160,160,160,160,160,160,160,160,160,..,..
Land area (sq. km),AG.LND.TOTL.K2,Lithuania,LTU,62675,62674,62674,62675,62650,62650,62642,62641,62630,62620,62620,62610,62604,..,..
Land area (sq. km),AG.LND.TOTL.K2,Luxembourg,LUX,2574.46,2574.46,2574.46,2574.46,2574.46,2574.46,2574.46,2574.46,2574.46,2574.46,2574.46,2574.46,2574.46,..,..
Land area (sq. km),AG.LND.TOTL.K2,"Macao SAR, China",MAC,29.7,29.9,29.9,30.3,30.3,30.4,30.5,30.8,32.9,32.9,32.9,33,..,..,..
Land area (sq. km),AG.LND.TOTL.K2,Madagascar,MDG,581540,581795,581795,581800,581800,581800,581800,581800,581800,581800,581800,581800,581800,..,..
Land area (sq. km),AG.LND.TOTL.K2,Malawi,MWI,94280,94280,94280,94280,94280,94280,94280,94280,94280,94280,94280,94280,94280,..,..
Land area (sq. km),AG.LND.TOTL.K2,Malaysia,MYS,328550,328550,328550,328550,328550,328550,328550,328550,328550,328550,328550,328550,328550,..,..
Land area (sq. km),AG.LND.TOTL.K2,Maldives,MDV,300,300,300,300,300,300,300,300,300,300,300,300,300,..,..
Land area (sq. km),AG.LND.TOTL.K2,Mali,MLI,1220190,1220190,1220190,1220190,1220190,1220190,1220190,1220190,1220190,1220190,1220190,1220190,1220190,..,..
Land area (sq. km),AG.LND.TOTL.K2,Malta,MLT,320,320,320,320,320,320,320,320,320,320,320,320,320,..,..
Land area (sq. km),AG.LND.TOTL.K2,Marshall Islands,MHL,180,180,180,180,180,180,180,180,180,180,180,180,180,..,..
Land area (sq. km),AG.LND.TOTL.K2,Mauritania,MRT,1030700,1030700,1030700,1030700,1030700,1030700,1030700,1030700,1030700,1030700,1030700,1030700,1030700,..,..
Land area (sq. km),AG.LND.TOTL.K2,Mauritius,MUS,2030,1997,1997,1997,1997,1997,1997,1997,1997,1997,1997,1997,1997,..,..
Land area (sq. km),AG.LND.TOTL.K2,Mexico,MEX,1943950,1943950,1943950,1943950,1943950,1943950,1943950,1943950,1943950,1943950,1943950,1943950,1943950,..,..
Land area (sq. km),AG.LND.TOTL.K2,"Micronesia, Fed. Sts.",FSM,700,700,700,700,700,700,700,700,700,700,700,700,700,..,..
Land area (sq. km),AG.LND.TOTL.K2,Moldova,MDA,32850,32850,32860,32880,32880,32880,32880,32890,32885.3,32885.9,32884.6,32970,32890,..,..
Land area (sq. km),AG.LND.TOTL.K2,Monaco,MCO,2.027,2.027,2.027,2.027,2.027,2.027,2.027,2.027,2.027,2.027,2.027,2.084,2.084,..,..
Land area (sq. km),AG.LND.TOTL.K2,Mongolia,MNG,1557292.418,1557251.947,1557251.947,1557253.053,1557252.921,1557255.4,1557255.4,1557255.4,1557255,1557258,1557506.803,1557507,1557506.789,..,..
Land area (sq. km),AG.LND.TOTL.K2,Montenegro,MNE,13450,13450,13450,13450,13450,13450,13450,13450,13450,13450,13450,13450,13450,..,..
Land area (sq. km),AG.LND.TOTL.K2,Morocco,MAR,446300,446300,446300,446300,446300,446300,446300,446300,446300,446300,446300,446300,446300,..,..
Land area (sq. km),AG.LND.TOTL.K2,Mozambique,MOZ,786380,786380,786380,786380,786380,786380,786380,786380,786380,786380,786380,786380,786380,..,..
Land area (sq. km),AG.LND.TOTL.K2,Myanmar,MMR,653260,653290,653150,653080,653080,653080,652780,652750,652700,652700,652670,652670,652670,..,..
Land area (sq. km),AG.LND.TOTL.K2,Namibia,NAM,823290,823290,823290,823290,823290,823290,823290,823290,823290,823290,823290,823290,823290,..,..
Land area (sq. km),AG.LND.TOTL.K2,Nauru,NRU,20,20,20,20,20,20,20,20,20,20,20,20,20,..,..
Land area (sq. km),AG.LND.TOTL.K2,Nepal,NPL,143350,143350,143350,143350,143350,143350,143350,143350,143350,143350,143350,143350,143350,..,..
Land area (sq. km),AG.LND.TOTL.K2,Netherlands,NLD,33730,33720,33720,33690,33690,33670,33670,33670,33670,33670,33670,33670,33670,..,..
Land area (sq. km),AG.LND.TOTL.K2,New Caledonia,NCL,18280,18280,18280,18280,18280,18280,18280,18280,18280,18280,18280,18280,18280,..,..
Land area (sq. km),AG.LND.TOTL.K2,New Zealand,NZL,263310,263310,263310,263310,263310,263310,263310,263310,263310,263310,263310,263310,263310,..,..
Land area (sq. km),AG.LND.TOTL.K2,Nicaragua,NIC,120340,120340,120340,120340,120340,120340,120340,120340,120340,120340,120340,120340,120340,..,..
Land area (sq. km),AG.LND.TOTL.K2,Niger,NER,1266700,1266700,1266700,1266700,1266700,1266700,1266700,1266700,1266700,1266700,1266700,1266700,1266700,..,..
Land area (sq. km),AG.LND.TOTL.K2,Nigeria,NGA,910770,910770,910770,910770,910770,910770,910770,910770,910770,910770,910770,910770,910770,..,..
Land area (sq. km),AG.LND.TOTL.K2,North Macedonia,MKD,25220,25220,25220,25220,25220,25220,25220,25220,25220,25220,25220,25220,25220,..,..
Land area (sq. km),AG.LND.TOTL.K2,Northern Mariana Islands,MNP,460,460,460,460,460,460,460,460,460,460,460,460,460,..,..
Land area (sq. km),AG.LND.TOTL.K2,Norway,NOR,365244,365244,365244,365122.96,365108,365190.7,365145.73,365123,365108,365094,364285,364270,364270,..,..
Land area (sq. km),AG.LND.TOTL.K2,Oman,OMN,309500,309500,309500,309500,309500,309500,309500,309500,309500,309500,309500,309500,309500,..,..
Land area (sq. km),AG.LND.TOTL.K2,Pakistan,PAK,770880,770880,770880,770880,770880,770880,770880,770880,770880,770880,770880,770880,770880,..,..
Land area (sq. km),AG.LND.TOTL.K2,Palau,PLW,460,460,460,460,460,460,460,460,460,460,460,460,460,..,..
Land area (sq. km),AG.LND.TOTL.K2,Panama,PAN,74340,74340,74340,74340,74120,74120,74120,74120,74180,74180,74180,74180,74180,..,..
Land area (sq. km),AG.LND.TOTL.K2,Papua New Guinea,PNG,452860,452860,452860,452860,452860,452860,452860,452860,452860,452860,452860,452860,452860,..,..
Land area (sq. km),AG.LND.TOTL.K2,Paraguay,PRY,397300,397300,397300,397300,397300,397300,397300,397300,397300,397300,397300,397300,396012.042,..,..
Land area (sq. km),AG.LND.TOTL.K2,Peru,PER,1280000,1280000,1280000,1280000,1280000,1280000,1280000,1280000,1280000,1280000,1280000,1280000,1280000,..,..
Land area (sq. km),AG.LND.TOTL.K2,Philippines,PHL,298170,298170,298170,298170,298170,298170,298170,298170,298170,298170,298170,298170,298170,..,..
Land area (sq. km),AG.LND.TOTL.K2,Poland,POL,306280,306230,306220,306210,306190,306190,306190,306190,306170,306110,306130,306100,306090,..,..
Land area (sq. km),AG.LND.TOTL.K2,Portugal,PRT,91590,91590,91590,91605.2,91605.6,91605.6,91605.6,91605.6,91605.6,91605.6,91605.6,91605.6,91605.6,..,..
Land area (sq. km),AG.LND.TOTL.K2,Puerto Rico (US),PRI,8870,8870,8870,8870,8870,8870,8870,8870,8870,8870,8870,8870,8870,..,..
Land area (sq. km),AG.LND.TOTL.K2,Qatar,QAT,11610,11610,11610,11610,11490,11490,11490,11490,11490,11490,11490,11490,11490,..,..
Land area (sq. km),AG.LND.TOTL.K2,Romania,ROU,230050,230170,230020,230030,230080,230080,230080,230080,230080,230080,230080,230080,230080,..,..
Land area (sq. km),AG.LND.TOTL.K2,Russian Federation,RUS,16376870,16376870,16376870,16376870,16376870,16376870,16376870,16376870,16376870,16376870,16376870,16376870,16376870,..,..
Land area (sq. km),AG.LND.TOTL.K2,Rwanda,RWA,24670,24670,24670,24670,24670,24670,24670,24670,24670,24670,24670,24670,24670,..,..
Land area (sq. km),AG.LND.TOTL.K2,Samoa,WSM,2830,2830,2830,2830,2830,2830,2830,2780,2780,2780,2780,2780,2780,..,..
Land area (sq. km),AG.LND.TOTL.K2,San Marino,SMR,60,60,60,60,60,60,60,60,60,60,60,60,60,..,..
Land area (sq. km),AG.LND.TOTL.K2,Sao Tome and Principe,STP,960,960,960,960,960,960,960,960,960,960,960,960,960,..,..
Land area (sq. km),AG.LND.TOTL.K2,Saudi Arabia,SAU,2149690,2149690,2149690,2149690,2149690,2149690,2149690,2149690,2149690,2149690,2149690,2149690,2149690,..,..
Land area (sq. km),AG.LND.TOTL.K2,Senegal,SEN,192530,192530,192530,192530,192530,192530,192530,192530,192530,192530,192530,192530,192530,..,..
Land area (sq. km),AG.LND.TOTL.K2,Serbia,SRB,87460,87460,87460,87460,87460,87460,87460,87460,87460,87460,84090,84090,84090,..,..
Land area (sq. km),AG.LND.TOTL.K2,Seychelles,SYC,460,460,460,460,460,460,460,460,460,460,460,460,460,..,..
Land area (sq. km),AG.LND.TOTL.K2,Sierra Leone,SLE,72180,72180,72180,72180,72180,72180,72180,72180,72180,72180,72180,72180,72180,..,..
Land area (sq. km),AG.LND.TOTL.K2,Singapore,SGP,702,704,706,707,709,709,709,712,714,716,718,718,718,..,..
Land area (sq. km),AG.LND.TOTL.K2,Sint Maarten (Dutch part),SXM,..,34,34,34,34,34,34,34,34,34,34,34,34,..,..
Land area (sq. km),AG.LND.TOTL.K2,Slovak Republic,SVK,48091,48088,48088,48088,48080,48082,48080,48080,48080,48080,48080,48080,48080,..,..
Land area (sq. km),AG.LND.TOTL.K2,Slovenia,SVN,20146.2,20146,20145.7,20140,20140,20142.6,20142,20138.1,20136.4,20136.4,20136.4,20136.4,20136.4,..,..
Land area (sq. km),AG.LND.TOTL.K2,Solomon Islands,SLB,27990,27990,27990,27990,27990,27990,27990,27990,27990,27990,27990,27990,27990,..,..
Land area (sq. km),AG.LND.TOTL.K2,Somalia,SOM,627340,627340,627340,627340,627340,627340,627340,627340,627340,627340,627340,627340,627340,..,..
Land area (sq. km),AG.LND.TOTL.K2,South Africa,ZAF,1213090,1213090,1213090,1213090,1213090,1213090,1213090,1213090,1213090,1213090,1213090,1213090,1213090,..,..
Land area (sq. km),AG.LND.TOTL.K2,South Sudan,SSD,..,..,631930,631930,631930,631930,631930,631930,631930,631930,631930,631930,631930,..,..
Land area (sq. km),AG.LND.TOTL.K2,Spain,ESP,500010,499880,500210,500210,500210,499661,499564,499547.35,499603.479,499570.036,499556.645,499733.244,499713.681,..,..
Land area (sq. km),AG.LND.TOTL.K2,Sri Lanka,LKA,62710,62710,62710,62710,62710,61893,61893,61893,61864,61864.47,61860,61860,61860,..,..
Land area (sq. km),AG.LND.TOTL.K2,St. Kitts and Nevis,KNA,260,260,260,260,260,260,260,260,260,260,260,260,260,..,..
Land area (sq. km),AG.LND.TOTL.K2,St. Lucia,LCA,610,610,610,610,610,610,610,610,610,610,610,610,610,..,..
Land area (sq. km),AG.LND.TOTL.K2,St. Martin (French part),MAF,..,50,50,50,50,50,50,50,50,50,50,50,50,..,..
Land area (sq. km),AG.LND.TOTL.K2,St. Vincent and the Grenadines,VCT,390,390,390,390,390,390,390,390,390,390,390,390,390,..,..
Land area (sq. km),AG.LND.TOTL.K2,Sudan,SDN,..,..,1868000,1868000,1868000,1868000,1868000,1868000,1868000,1868000,1868000,1868000,1868000,..,..
Land area (sq. km),AG.LND.TOTL.K2,Suriname,SUR,160507.61,160507.61,160507.61,160507.61,160507.61,160507.61,160507.61,160507.61,160507.61,160507.61,160507.61,160507.61,160507.61,..,..
Land area (sq. km),AG.LND.TOTL.K2,Sweden,SWE,407339.7,407339.7,407339.7,407339.7,407339.7,407310.64,407310.64,407310.64,407310.64,407280,407280,407280,407280,..,..
Land area (sq. km),AG.LND.TOTL.K2,Switzerland,CHE,39513.225,39512.626,39512.028,39511.428,39510.829,39510.23,39509.63,39509.63,39509.63,39509.63,39509.63,39509.63,39509.63,..,..
Land area (sq. km),AG.LND.TOTL.K2,Syrian Arab Republic,SYR,183630,183630,183630,183630,183630,183630,183630,183630,183630,183630,183630,183630,185179.709,..,..
Land area (sq. km),AG.LND.TOTL.K2,Tajikistan,TJK,139960,139960,139960,139960,138786,138790,138790,138790,138790,138790,138790,138790,138790,..,..
Land area (sq. km),AG.LND.TOTL.K2,Tanzania,TZA,885800,885800,885800,885800,885800,885800,885800,885800,885800,885800,885800,885800,885800,..,..
Land area (sq. km),AG.LND.TOTL.K2,Thailand,THA,510890,510890,510890,510890,510890,510890,510890,510890,510890,510890,510890,510890,510890,..,..
Land area (sq. km),AG.LND.TOTL.K2,Timor-Leste,TLS,14870,14870,14870,14870,14870,14870,14870,14870,14870,14870,14870,14870,14870,..,..
Land area (sq. km),AG.LND.TOTL.K2,Togo,TGO,54390,54390,54390,54390,54390,54390,54390,54390,54390,54390,54390,54390,54390,..,..
Land area (sq. km),AG.LND.TOTL.K2,Tonga,TON,720,720,720,720,720,720,720,720,720,720,720,720,720,..,..
Land area (sq. km),AG.LND.TOTL.K2,Trinidad and Tobago,TTO,5130,5130,5130,5130,5130,5130,5130,5130,5130,5130,5130,5130,5130,..,..
Land area (sq. km),AG.LND.TOTL.K2,Tunisia,TUN,155360,155360,155360,155360,155360,155360,155360,155360,155360,155360,155360,155360,155360,..,..
Land area (sq. km),AG.LND.TOTL.K2,Turkiye,TUR,769630,769630,769630,769630,769630,769630,769630,769630,769630,769630,769630,769630,769630,..,..
Land area (sq. km),AG.LND.TOTL.K2,Turkmenistan,TKM,469930,469930,469930,469930,469930,469930,469930,469930,469930,469930,469930,469930,469930,..,..
Land area (sq. km),AG.LND.TOTL.K2,Turks and Caicos Islands,TCA,950,950,950,950,950,950,950,950,950,950,950,950,950,..,..
Land area (sq. km),AG.LND.TOTL.K2,Tuvalu,TUV,30,30,30,30,30,30,30,30,30,30,30,30,30,..,..
Land area (sq. km),AG.LND.TOTL.K2,Uganda,UGA,200520,200520,200520,200520,200520,200520,200520,200520,200520,200520,200520,200520,200520,..,..
Land area (sq. km),AG.LND.TOTL.K2,Ukraine,UKR,579320,579320,579320,579320,579290,579290,579290,579300,579400,579400,579400,579400,579400,..,..
Land area (sq. km),AG.LND.TOTL.K2,United Arab Emirates,ARE,71020,71020,71020,71020,71020,71020,71020,71020,71020,71020,71020,71020,71020,..,..
Land area (sq. km),AG.LND.TOTL.K2,United Kingdom,GBR,241930,241930,241930,241930,241930,241930,241930,241930,241930,241930,241930,241930,241930,..,..
Land area (sq. km),AG.LND.TOTL.K2,United States,USA,9147420,9147420,9147420,9147420,9147420,9147420,9147420,9147420,9147420,9147420,9147420,9147420,9147420,..,..
Land area (sq. km),AG.LND.TOTL.K2,Uruguay,URY,175020,175020,175020,175020,175020,175020,175020,175020,175020,175020,175020,175020,175020,..,..
Land area (sq. km),AG.LND.TOTL.K2,Uzbekistan,UZB,435892,435809,435800,435789,435789,440600,440591,440588,440587,440555,440650,440653,440652,..,..
Land area (sq. km),AG.LND.TOTL.K2,Vanuatu,VUT,12190,12190,12190,12190,12190,12190,12190,12190,12190,12190,12190,12190,12190,..,..
Land area (sq. km),AG.LND.TOTL.K2,"Venezuela, RB",VEN,882050,882050,882050,882050,882050,882050,882050,882050,882050,882050,882050,882050,882050,..,..
Land area (sq. km),AG.LND.TOTL.K2,Viet Nam,VNM,313294,313284,313457,313007.33,313371,313383,313387,313403,313429,313429,313429,313429,313429,..,..
Land area (sq. km),AG.LND.TOTL.K2,Virgin Islands (U.S.),VIR,350,350,350,350,350,350,350,350,350,350,350,350,350,..,..
Land area (sq. km),AG.LND.TOTL.K2,West Bank and Gaza,PSE,6020,6020,6020,6020,6020,6020,6020,6020,6020,6020,6020,6025,..,..,..
Land area (sq. km),AG.LND.TOTL.K2,"Yemen, Rep.",YEM,527970,527970,527970,527970,527970,527970,527970,527970,527970,527970,527970,527970,527970,..,..
Land area (sq. km),AG.LND.TOTL.K2,Zambia,ZMB,743390,743390,743390,743390,743390,743390,743390,743390,743390,743390,743390,743390,743390,..,..
Land area (sq. km),AG.LND.TOTL.K2,Zimbabwe,ZWE,386850,386850,386850,386850,386850,386850,386850,386850,386850,386850,386850,386850,386850,..,..
,,,,,,,,,,,,,,,,,,
,,,,,,,,,,,,,,,,,,
,,,,,,,,,,,,,,,,,,
Data from database: World Development Indicators,,,,,,,,,,,,,,,,,,
Last Updated: 07/01/2025,,,,,,,,,,,,,,,,,,
Code,License Type,Indicator Name,Long definition,Source,Topic,Dataset,Unit of measure,Periodicity,Aggregation method,Statistical concept and methodology,Development relevance,Limitations and exceptions,Other notes,License URL
AG.LND.TOTL.K2,CC BY-4.0,Land area (sq. km),"Land area is a country's total area, excluding area under inland water bodies, national claims to continental shelf, and exclusive economic zones. In most cases the definition of inland water bodies includes major rivers and lakes.","FAOSTAT, Food and Agriculture Organization of the United Nations (FAO), uri: https://www.fao.org/faostat/en/#data/RL, publisher: Food and Agriculture Organization of the United Nations (FAO)",Environment: Land use,WDI,square kilometers,Annual,Sum,"Methodology: Total land area does not include inland water bodies such as major rivers and lakes. Variations from year to year may be due to updated or revised data rather than to change in area. Including areas of former states; for example, the areas of the Union of Soviet Socialist Republics (USSR) are counted in Russian Federation and other successor states.","Land area is particularly important for understanding an economy's agricultural capacity and the environmental effects of human activity. Innovations in satellite mapping and computer databases have resulted in more precise measurements of land and water areas.











Population, land area, income, and output are basic measures of the size of an economy. They also provide a broad indication of actual and potential resources. Land area is therefore used as one of the major indicator to normalize other indicators.","The data are collected by the Food and Agriculture Organization (FAO) of the United Nations through annual questionnaires. The FAO tries to impose standard definitions and reporting methods, but complete consistency across countries and over time is not possible.







The data collected from official national sources through the questionnaire are supplemented with information from official secondary data sources. The secondary sources cover official country data from websites of national ministries, national publications and related country data reported by various international organizations.",Areas of former states are included in the successor states.,https://creativecommons.org/licenses/by/4.0/
